DROP TABLE deliveries;
DROP TABLE suppliers CASCADE;
DROP TABLE product_categories CASCADE;
DROP TABLE products CASCADE;
-- DROP TABLE products_extra CASCADE;

INSERT INTO suppliers (id, supplier_name, address) VALUES
	(101, 'ООО "Русский производитель"', 'г. Москва, ул. Большая Садовая, д. 5'),
    (102, 'ТД "Зеленый мир"', 'г. Санкт-Петербург, пр. Невский, д. 10'),
    (103, 'Компания "Электроника"', 'г. Екатеринбург, ул. Малышева, д. 20'),
    (104, 'Фирма "Мебельный центр"', 'г. Новосибирск, ул. Красный проспект, д. 15'),
    (105, 'Производственная компания "АгроСтандарт"', 'г. Казань, ул. Баумана, д. 30'),
    (106, 'Торговый дом "Свет и тень"', 'г. Воронеж, ул. Ленина, д. 7'),
    (107, 'Компания "ТехноСтрой"', 'г. Челябинск, ул. Цвиллинга, д. 40');

INSERT INTO product_categories (category_name, shelf_life_days) VALUES
	('Продукты питания', 30),
    ('Хозяйственные товары', 90),
    ('Текстиль', 180),
    ('Электроника', 365),
    ('Обувь', 365),
    ('Мебель', 730),
    ('Спортивные товары', 180);

INSERT INTO products (product_sku, product_name, category_name, unit_of_measure, unit_weight, min_store_stock) VALUES
	('P001', 'Хлеб белый', 'Продукты питания', 'шт.', 0.5, 100),
    ('P002', 'Молоко 3.2%', 'Продукты питания', 'л.', 1.0, 50),
    ('H001', 'Универсальная губка', 'Хозяйственные товары', 'шт.', 0.1, 200),
    ('T001', 'Футболка мужская', 'Текстиль', 'шт.', 0.3, 150),
    ('E001', 'Ноутбук Lenovo ThinkPad', 'Электроника', 'шт.', 2.5, 10),
    ('S001', 'Кроссовки Nike Air Max', 'Обувь', 'пара', 0.8, 50),
    ('F001', 'Стул офисный', 'Мебель', 'шт.', 5.0, 20),
	('P003', 'Сыр твердый', 'Продукты питания', 'шт.', 0.4, 80),
    ('H002', 'Мочалка', 'Хозяйственные товары', 'шт.', 0.2, 150),
    ('T002', 'Футболка женская', 'Текстиль', 'шт.', 0.4, 200);

INSERT INTO deliveries (delivery_id, supplier_id, product_sku, quantity, unit_price, delivery_date, remaining_stock) VALUES
	(1001, 101, 'P001', 200.00, 50.00, '2023-10-01', 150.00),
    (1002, 102, 'P002', 100.00, 80.00, '2023-10-02', 80.00),
    (1003, 103, 'H001', 500.00, 10.00, '2023-10-03', 400.00),
    (1004, 104, 'T001', 300.00, 1000.00, '2023-10-04', 250.00),
    (1005, 105, 'E001', 10.00, 50000.00, '2023-10-05', 5.00),
    (1006, 106, 'S001', 100.00, 5000.00, '2023-10-06', 80.00),
    (1007, 107, 'F001', 20.00, 10000.00, '2023-10-07', 15.00),
	(1008, 101, 'P003', 100.00, 150.00, CURRENT_DATE - INTERVAL '2 days', 9.00),
	(1009, 103, 'H002', 200.00, 5.00, CURRENT_DATE - INTERVAL '1 day', 18.00),
	(1010, 104, 'T002', 300.00, 500.00, CURRENT_DATE, 27.00);